James,Williams,jwilliams82,121h8a2d,jwilliams82@email.com,3231 N Hamilton Dr,6785670987,6789543189076540
Robert,Browns,brownsfan12,9ijny7fc,brownsfan12@email.com,6775 W Union Ln,8906785678,6547876854357650
Linda,Johnson,catlover86,0oplyg5r,catwoman86@email.com,212 N Late Ln,4325675643,2354676587890320
Elizabeth,Davis,10lizdavis09,23wekme4,lizdavis1009@email.com,12221 W Biggs Dr,5874562356,9782356716321280
Mary,Miller,marymmills,we2367yu,marymmills@email.com,3433 E Lacey Str,3134567575,9876541321234560
Sarah,White,sarahjwhite34,sdxc23we,sarahjwhite34@email.com,6765 S Dipping Dr,9878296789,1234567123189100
Thomas,Harris,thomharris1000,2wkj8u4r,thomharris1000@email.com,56563 S Cool Dr,6477387383,7890678954323450
Nancy,Clark,nancydrewclark123,o0u8t6r5,nancycee122@email.com,4522 W Coolidge Ln,3211235678,1234654356782340
Lisa,Moore,moorelisa7410,qwerty12,moorelisa7410@email.com,1234 N Loose Dr,6794562312,3213345685686450
John,Smith,jsmith77,1234pass,jsmith27@email.com,1212 e max dr,3234675467,1234789005678901
